Category,Marker,gender,Short,Units,Clinical Range,CELLUIQ Range,If Low (Symptoms),If High (Symptoms),Supplement (Low),Dosage (Low),Preferred Form (Low),Mechanism (Low),Supplement (High),Dosage (High),Preferred Form (High),Mechanism (High),Food (Low),Food (High),Medication (Low),Dosage (Med Low),Preferred Form (Med Low),Medication (High),Dosage (Med High),Preferred Form (Med High),Lifestyle (Low),Lifestyle (High),Warnings (Low),Warnings (High),Studies (with links),
Adrenal,Cortisol AM,male,Cort AM,µg/dL,6-23,15-20,"Adrenal insufficiency: fatigue, hypotension.","Chronic stress/Cushing's: weight gain, insomnia.",Phosphatidylserine,300 mg/day,Soy-free,Reduces cortisol response to stress.,Ashwagandha,600 mg/day,KSM-66,Adaptogen lowering cortisol via HPA axis.,Citrus,Berries,Hydrocortisone,5-20 mg/day,Oral tablet,Metyrapone,500 mg/day,Oral tablet,Meditation,Avoid evening HIIT,Phosphatidylserine: drowsiness,Ashwagandha: thyroid interaction,CORT 2024 PubMed; Ashwagandha meta PMC,CORT 2024 PubMed; Ashwagandha met...
Adrenal,Cortisol PM,male,Cort PM,µg/dL,2-9,<5,Similar to AM low.,Similar to AM high.,Rhodiola,200 mg/day,Extract,Normalizes evening cortisol.,Ashwagandha,600 mg/day,KSM-66,Reduces late-day stress response.,Chamomile tea,Green tea,Hydrocortisone,Low dose evening,Oral tablet,Metyrapone,500 mg/day,Oral tablet,Blue light blockers,Stress reduction,Rhodiola: insomnia if late,Ashwagandha: GI upset,Sleep studies PubMed,
Adrenal,ACTH,male,ACTH,pg/mL,7-50,10-30,Addison's disease.,Cushing's syndrome.,Licorice Root,500 mg/day,Extract,Stimulates adrenal function.,Ketoconazole,200 mg/day,Oral tablet,"Inhibits cortisol synthesis, reducing ACTH feedback.",Adrenal-supporting herbs like ginseng,Low-salt diet,Hydrocortisone,5-20 mg/day,Oral tablet,Ketoconazole,200 mg/day,Oral tablet,Adequate sleep,Avoid overtraining,Licorice: hypertension,Ketoconazole: liver toxicity,Pituitary marker PMC,
Amino Acids,Valine,male,Val,µmol/L,150-300,200-250,"Muscle weakness, fatigue, poor recovery",Rare; metabolic disorders,BCAA,5 g/day,Powder,Muscle recovery.,L-Carnitine,1-2 g/day,Acetyl-L-carnitine,Balances amino acid metabolism,Meat,Limit high-protein if overloaded,None standard,N/A,N/A,Metabolic modulators like metformin,500 mg/day,Oral,Resistance training,Balanced diet,BCAA: GI upset in excess,Carnitine: nausea,2025 PubMed,
Amino Acids,Leucine,male,Leu,µmol/L,80-200,100-150,"Reduced muscle synthesis, fatigue",Rare; insulin resistance risk,BCAA,5 g/day,Powder,mTOR activation for muscle.,L-Glutamine,5 g/day,Powder,Reduces excess BCAA catabolism,Meat,Vegetables to balance,None,N/A,N/A,Insulin sensitizers,Varies,Oral,Weight lifting,Moderate protein intake,BCAA: over 10g GI issues,Glutamine: bloating,Studies 2025 PMC,
Amino Acids,Isoleucine,male,Ile,µmol/L,40-100,50-80,"Energy depletion, weakness",Rare; metabolic imbalance,BCAA,5 g/day,Powder,Energy production.,L-Glutamine,5 g/day,Powder,Supports gut health to regulate levels,Meat,Plant-based proteins,None,N/A,N/A,None standard,N/A,N/A,Endurance exercise,Hydration,BCAA: rare allergy,Glutamine: GI,PubMed,
Antioxidants,CoQ10,male,CoQ10,µg/mL,0.5-1.5,1.0-1.2,Fatigue.,Rare; possible bleeding risk,Ubiquinol,200 mg/day,Reduced form,Mitochondrial energy production.,Omega-3,2 g/day,Fish oil,Enhances HDL function,Organ meats,Fatty fish,CoQ10 (Rx),100-200 mg/day,Capsule,None standard,N/A,N/A,Exercise,Hydration,Mild GI at high doses,Bleeding risk,RCT 2024 PubMed; PMC,
Bone Metabolism,Osteocalcin,male,Osteo,ng/mL,5-25,10-20,Bone loss.,Bone turnover issues,Vitamin K2,100-200 µg/day,MK7,Carboxylates osteocalcin for bone mineralization.,Vitamin D,2000 IU/day,Cholecalciferol,Regulates osteocalcin levels,Greens,Dairy,Bisphosphonates,Varies,Oral,Cinacalcet,30 mg/day,Oral,Weight-bearing exercise,Avoid excess caffeine,Vit K2: clotting risk,Vit D: hypercalcemia,PMC,
Bone Metabolism,PTH,male,PTH,pg/mL,10-65,20-50,Hypoparathyroidism.,Hyperparathyroidism.,Vitamin D,2000 IU/day,Cholecalciferol,Suppresses PTH via feedback.,Cinacalcet,30 mg/day,Oral,Calcimimetic lowering PTH.,Dairy,Low-calcium diet,Teriparatide,20 µg/day,Injectable,Cinacalcet,30-90 mg/day,Oral,Sun exposure,Avoid excess sodium,Vit D: hypercalcemia,Cinacalcet: hypocalcemia,PMC,
Growth Factors,IGF-1,male,IGF-1,ng/mL,50-250,150-200,Growth issues.,Acromegaly.,MK-677,10 mg/day,Oral,Stimulates GH release.,Vitamin D,2000 IU/day,Cholecalciferol,Regulates IGF-1 levels.,Protein-rich,Low-protein diet,GH,Physician-guided,Injectable,Octreotide,100 µg 3x/day,Injectable,Fasting,Balanced diet,MK-677: insulin rise,Vit D: hypercalcemia,2025 PubMed; PMC,
Growth Factors,IGFBP-3,male,IGFBP-3,mg/L,2-5,3-4,Growth retardation,Rare; increased cancer risk,Zinc,30 mg/day,Picolinate,Increases IGFBP-3 binding.,Vitamin D,2000 IU/day,Cholecalciferol,Modulates IGF system.,Oysters,Low-zinc diet,GH,Physician-guided,Injectable,None standard,N/A,N/A,Strength training,Avoid excess exercise,Zinc: nausea,Vit D: toxicity,PMC,
Growth Factors,GH,male,GH,ng/mL,<5,<2,Growth deficiency.,Acromegaly.,Arginine,5 g/day,L-arginine,Stimulates GH release.,Somatostatin analogs,Physician-guided,Injectable,Inhibits GH secretion.,Protein-rich,Low-carb diet,GH therapy,Physician-guided,Injectable,Octreotide,100 µg 3x/day,Injectable,"Sleep, fasting",Stress reduction,Arginine: GI,Somatostatin: GI,PMC,
Growth Factors,Leptin,male,Leptin,ng/mL,2-20,5-15,Hunger.,Obesity.,Fiber,25 g/day,Soluble fiber,Reduces leptin resistance.,Metformin,500-1000 mg/day,Oral,Lowers leptin levels.,Fruits,Low-fiber diet,None,N/A,N/A,Metformin,500-1000 mg/day,Oral,Exercise,Low-calorie diet,Fiber: bloating,Metformin: GI,PMC,
Growth Factors,Adiponectin,male,Adipo,µg/mL,5-30,10-20,Insulin resistance.,Rare; liver issues,Omega-3,2 g/day,Capsule,Increases adiponectin secretion.,Metformin,500-1000 mg/day,Oral,Improves insulin sensitivity,Fatty fish,Low-fat diet,None,N/A,N/A,Metformin,500-1000 mg/day,Oral,HIIT,Avoid sugars,Omega-3: bleeding,Metformin: GI,PMC,
Gut Health,Zonulin,male,Zon,ng/mL,<50,<30,Rare; possible undernutrition,Leaky gut.,L-Glutamine,5 g/day,Powder,Repairs intestinal tight junctions.,Probiotics,10-20 billion CFU/day,Multi-strain,Modulates gut barrier.,Gluten-free,Wheat,None standard,N/A,N/A,Larazotide acetate,Physician-guided,Oral,Fasting,Avoid processed foods,Glutamine: GI,Probiotics: bloating,PMC,
Hematology,Hemoglobin,male,Hb,g/dL,13.5-17.5,14.5-16.0,"Anemia: fatigue, dizziness.",Polycythemia: stroke risk.,Iron bisglycinate,25 mg/day + Vit C,Bisglycinate,Increases heme production.,Vitamin B12,1000 µg/day,Methylcobalamin,Supports RBC maturation.,Red meat,Low-iron diet,EPO,Physician-guided,Injectable,Phlebotomy,As needed,Procedure,Altitude training,Hydration,Iron: constipation,B12: acne,WHO guidelines PubMed,
Hematology,Hematocrit,male,Hct,%,40-50,42-48,Anemia.,Viscosity issues.,Iron,25 mg/day,Bisglycinate,Boosts RBC volume.,Folate,400 µg/day,5-MTHF,Enhances RBC production.,Spinach,Low-iron diet,EPO,Physician-guided,Injectable,Phlebotomy,As needed,Procedure,Exercise,Hydration,Iron: GI tox,Folate: mask B12 def,PMC,
Hematology,RBC,male,RBC,x10^6/µL,4.5-5.9,4.7-5.5,Anemia.,Polycythemia.,Vitamin B12,1000 µg/day,Methylcobalamin,Promotes erythropoiesis.,Folate,400 µg/day,5-MTHF,Supports DNA synthesis in RBCs.,Eggs,Low-iron diet,EPO,Physician-guided,Injectable,Phlebotomy,As needed,Procedure,Altitude training,Hydration,B12: rare,Folate: GI,PubMed,
Hematology,WBC,male,WBC,x10^3/µL,4-11,4-7,Immunosuppression.,Inflammation/leukemia.,Echinacea,300 mg/day,Extract,Stimulates white cell production.,Vitamin C,1000 mg/day,Ascorbic acid,Reduces oxidative stress on WBCs.,Garlic,Ginger,None standard,N/A,N/A,Antibiotics,Infection-specific,Oral/IV,Stress reduction,Healthy diet,Echinacea: allergic reactions,Vit C >2g: diarrhea,PMC,
Hematology,Platelet Count,male,Plt,x10^3/µL,150-450,180-350,Bleeding risk.,Thrombosis.,Omega-3,2 g/day,Capsule,Modulates platelet aggregation.,Vitamin K,100 µg/day,MK7,Supports clotting factor production.,Leafy greens,Low-vitamin K diet,None standard,N/A,N/A,Aspirin,81 mg/day,Oral tablet,Exercise,Avoid smoking,Omega-3: bleeding,Vit K: clotting risk,PubMed,
Hematology,MCV,male,MCV,fL,80-100,85-95,Microcytic anemia.,Macrocytic anemia.,Iron,25 mg/day,Bisglycinate,Corrects iron-def anemia.,Vitamin B12,1000 µg/day,Methylcobalamin,Fixes B12-def macrocytic anemia.,Red meat,Avoid alcohol,None standard,N/A,N/A,None standard,N/A,N/A,Iron-rich diet,Low-alcohol,Iron: constipation,B12: acne,PMC,
Hematology,MCH,male,MCH,pg,27-33,28-32,Anemia.,B12 deficiency.,Iron,25 mg/day,Bisglycinate,Increases hemoglobin content.,Folate,400 µg/day,5-MTHF,Supports hemoglobin synthesis.,Red meat,Avoid alcohol,None standard,N/A,N/A,None standard,N/A,N/A,Exercise,Balanced diet,Iron: GI,Folate: mask B12 def,PubMed,
Hematology,MCHC,male,MCHC,g/dL,32-36,33-35,Hypochromic anemia.,Spherocytosis.,Iron,25 mg/day,Bisglycinate,Improves hemoglobin concentration.,Vitamin B6,50 mg/day,P5P,Aids heme synthesis.,Red meat,Low-iron diet,None standard,N/A,N/A,None standard,N/A,N/A,Strength training,Hydration,Iron: toxicity,B6 >100 mg: neuropathy,PMC,
Hematology,RDW,male,RDW,%,11.5-14.5,11-13,"Anemia, nutritional deficiencies.",Chronic disease.,Multivitamin,Daily dose,Comprehensive,Addresses multiple nutrient defs.,Iron,25 mg/day,Bisglycinate,Corrects iron-def variation.,Balanced diet,Low-iron diet,None standard,N/A,N/A,None standard,N/A,N/A,Exercise,Healthy diet,Multivit: interactions,Iron: constipation,PubMed,
Hematology,Reticulocyte Count,male,Retic,%,0.5-1.5,0.8-1.2,Anemia recovery.,Hemolytic anemia.,Vitamin B12,1000 µg/day,Methylcobalamin,Stimulates reticulocyte production.,Folate,400 µg/day,5-MTHF,Enhances bone marrow response.,Eggs,Low-folate diet,EPO,Physician-guided,Injectable,None standard,N/A,N/A,Rest,Hydration,B12: rare,Folate: GI,PMC,
Hormones,Testosterone Total,male,TT,ng/dL,300-1000,900-1200,"Low libido, muscle loss, depression.","Acne, aggression, erythrocytosis.",Zinc,30-50 mg/day,Zinc picolinate,Boosts LH and testicular function.,DIM,200 mg/day,Diindolylmethane,Reduces estrogen conversion from testosterone.,"Beef, eggs",Broccoli,Testosterone cypionate,100-200 mg/week,Injectable,Anastrozole,0.5 mg 2x/week,Oral tablet,Heavy lifting,Avoid plastics,Zinc >50 mg: nausea,DIM: headaches,TRAVERSE 2024 NEJM; Zinc RCT PMC,
Hormones,Free Testosterone,male,FT,pg/mL,50-210,150-250,"Erectile dysfunction, mood swings.",Similar to TT high.,Boron,6-10 mg/day,Boron glycinate,Reduces SHBG binding.,Calcium D-Glucarate,500 mg/day,Capsule,Enhances estrogen excretion.,Fatty fish,Flaxseeds,hCG,500 IU 3x/week,Injectable,Anastrozole,0.25 mg/day,Oral,Intermittent fasting,Limit endurance cardio,Boron >10 mg: hormonal imbalance,GI upset,EMAS 2025 PubMed,
Hormones,DHT,male,DHT,ng/dL,30-85,50-80,"Low libido, poor hair growth.","Hair loss, prostate enlargement.",Saw Palmetto,320 mg/day,Extract,Inhibits 5-alpha reductase.,Finasteride,1 mg/day,Oral tablet,Blocks DHT production.,Pumpkin seeds,Broccoli,None standard,N/A,N/A,Finasteride,1 mg/day,Oral tablet,Stress management,Low-carb diet,Saw Palmetto: libido reduction,Finasteride: sexual side effects,Prostate 2024 PubMed,
Hormones,SHBG,male,SHBG,nmol/L,10-57,15-35,High free T (rare).,Low free T despite high TT.,Nettle Root,300 mg/day,Extract,"Binds to SHBG, freeing testosterone.",Boron,10 mg/day,Glycinate,Reduces SHBG production.,Green tea,High-carb diet,None standard,N/A,N/A,Metformin,500-1000 mg/day,Oral tablet,Low-carb diet,Balanced diet,Nettle: mild diuretic,Metformin: GI upset,JCEM 2023 PubMed,
Hormones,Estradiol,male,E2,pg/mL,10-40,20-30,"Joint pain, low mood.","Gynecomastia, water retention.",DIM,200-300 mg/day,Capsule,Promotes estrogen metabolism to less potent forms.,Anastrozole,0.25-0.5 mg/day,Oral tablet,Inhibits aromatase enzyme.,Broccoli sprouts,Alcohol,None standard,N/A,N/A,Anastrozole,0.25-0.5 mg/day,Oral tablet,Fat loss,Avoid alcohol,DIM: headaches at high doses,Anastrozole: bone loss,ENDO 2025 PubMed,
Hormones,Estrone,male,E1,pg/mL,10-60,20-40,Similar to low E2.,Similar to high E2.,Calcium D-Glucarate,500 mg/day,Capsule,Enhances glucuronidation for estrogen excretion.,Anastrozole,0.25 mg/day,Oral tablet,Inhibits aromatase.,Citrus fruits,Alcohol,None standard,N/A,N/A,Anastrozole,0.25 mg/day,Oral tablet,Detox sauna,Low-fat diet,GI upset,Bone density reduction,Liver health PMC,
Hormones,Prolactin,male,PRL,ng/mL,2-18,<10,"Low libido, mood issues","Erectile dysfunction, low libido.",Vitamin B6 (P5P),50-100 mg/day,Pyridoxal-5-phosphate,Increases dopamine to inhibit prolactin release.,Mucuna Pruriens,300 mg/day,Extract,Dopamine precursor.,Poultry,High-carb diet,None standard,N/A,N/A,Cabergoline,0.5 mg 2x/week,Oral tablet,Orgasm abstinence,Balanced diet,B6 >100 mg: neuropathy,Mucuna: insomnia,Urology 2024 PubMed,
Hormones,LH,male,LH,mIU/mL,1.5-9.3,4-7,Hypogonadism.,Primary testicular failure.,Clomiphene,25 mg/day,Oral tablet,Stimulates pituitary LH release.,hCG,500 IU 3x/week,Injectable,Mimics LH to stimulate testosterone,Zinc-rich foods,Low-zinc diet,Clomid cycles,Physician-guided,Oral,None standard,N/A,N/A,Heavy lifting,Avoid overtraining,Clomiphene: vision changes,hCG: gynecomastia,PubMed,
Hormones,FSH,male,FSH,mIU/mL,1.4-18.1,3-8,Hypogonadism.,Spermatogenesis issues.,Clomiphene,25 mg/day,Oral tablet,Stimulates pituitary FSH release.,hCG,500 IU 3x/week,Injectable,Supports spermatogenesis,Zinc-rich foods,Low-zinc diet,Clomid cycles,Physician-guided,Oral,None standard,N/A,N/A,Heavy lifting,Avoid overtraining,Clomiphene: mood swings,hCG: gynecomastia,PubMed,
Hormones,AMH,male,AMH,ng/mL,0.7-19,2-10,Infertility.,Rare; testicular issues,Vitamin D,2000 IU/day,Cholecalciferol,Supports testicular function,Omega-3,2 g/day,Fish oil,Reduces inflammation,Fatty fish,Low-vitamin D diet,None standard,N/A,N/A,None standard,N/A,N/A,Sun exposure,Balanced diet,Vit D excess: hypercalcemia,Omega-3: bleeding,PubMed,
Hormones,PSA Total,male,PSA T,ng/mL,<4,<2,Rare; possible prostate atrophy,Prostate issues.,Lycopene,15-30 mg/day,Tomato extract,Antioxidant protection for prostate.,Saw Palmetto,320 mg/day,Extract,Reduces prostate inflammation.,Tomatoes,High-fat diet,None standard,N/A,N/A,Finasteride,1 mg/day,Oral tablet,Exercise,Low-fat diet,Lycopene: GI upset,Saw Palmetto: libido,AUA 2025 PubMed,
Hormones,PSA Free,male,PSA F,% free,>25,>30,Rare; possible prostate atrophy,Cancer risk.,Lycopene,15-30 mg/day,Tomato extract,Improves PSA ratio by reducing bound PSA.,Saw Palmetto,320 mg/day,Extract,Enhances free PSA fraction.,Tomatoes,High-fat diet,None standard,N/A,N/A,Finasteride,1 mg/day,Oral tablet,Exercise,Low-fat diet,Lycopene: skin discoloration high dose,Saw Palmetto: libido,Ratio insights PMC,
Hormones,DHEA-S,male,DHEA-S,µg/dL,100-500,300-400,"Fatigue, immune weakness.","Acne, hair loss.",DHEA,25-50 mg/day,Transdermal cream,Precursor to adrenal hormones.,Saw Palmetto,320 mg/day,Extract,Reduces androgen excess.,Eggs,High-carb diet,DHEA (Rx),25 mg/day,Oral tablet,Finasteride,1 mg/day,Oral tablet,Strength training,Balanced diet,DHEA: estrogen conversion,Saw Palmetto: libido,AGING 2023 PubMed,
Hormones,Pregnenolone,male,Preg,ng/dL,20-200,80-150,Fatigue.,Rare.,Pregnenolone,50 mg/day,Micronized,Precursor to steroid hormones.,Ashwagandha,600 mg/day,Extract,Balances steroid production.,Eggs,High-carb diet,Pregnenolone (Rx),50 mg/day,Oral tablet,None standard,N/A,N/A,Sleep,Stress reduction,Pregnenolone: insomnia,Ashwagandha: GI,Neuroprotective PubMed,
Hormones,Progesterone,male,Prog,ng/mL,<0.5,<0.2,"Low libido, mood issues",Rare.,Chasteberry,400 mg/day,Extract,Stimulates progesterone production.,Progesterone,100 mg/day,Micronized,Direct replacement.,Eggs,High-carb diet,Progesterone (Rx),100 mg/day,Oral tablet,None standard,N/A,N/A,Exercise,Balanced diet,Chasteberry: hormonal imbalance,Progesterone: drowsiness,Balance marker PMC,
Inflammation,CRP (hs-CRP),male,hsCRP,mg/L,<3,<0.5,Rare; possible undernutrition or low immune activity.,"Chronic inflammation; increased CVD risk, fatigue, joint pain.",Curcumin,500-1000 mg/day,Turmeric extract with piperine,Inhibits NF-kB pathway to reduce cytokine production.,Omega-3 (EPA/DHA),3-6 g/day,Fish oil capsules,Reduces pro-inflammatory eicosanoids.,"Turmeric, ginger","Berries, green tea",Aspirin (anti-inflammatory),81 mg/day,Low-dose aspirin,"Statins (e.g., atorvastatin)",10-40 mg/day,Oral tablet,Intermittent fasting,"HIIT, 7-9 h sleep",Curcumin: GI upset >2g,Omega-3 >3g: bleeding risk,JUPITER Trial NEJM; CANTOS NEJM,
Inflammation,ESR,male,ESR,mm/hr,<20,<10,Rare,Inflammation.,Curcumin,500-1000 mg/day,Turmeric extract,Reduces inflammatory markers.,Omega-3,3-6 g/day,Fish oil,Lowers sedimentation rate via anti-inflammation.,"Turmeric, ginger",Berries,None standard,N/A,N/A,Aspirin,81 mg/day,Oral,Intermittent fasting,Stress reduction,Curcumin: GI,Omega-3: bleeding,PMC,
Inflammation,TNF-alpha,male,TNF-α,pg/mL,<8,<5,Rare,Chronic inflammation.,Curcumin,1-2 g/day,Turmeric extract,Inhibits TNF-alpha production.,Omega-3,3-6 g/day,Fish oil,Suppresses cytokine release.,Anti-inflam diet,Processed foods,None standard,N/A,N/A,Infliximab,Physician-guided,Infusion,Fasting,Low-carb diet,Curcumin: interactions,Omega-3: bleeding,PMC,
Inflammation,IL-6,male,IL-6,pg/mL,<5,<2,Rare,Inflammation.,Resveratrol,500 mg/day,Extract,Blocks IL-6 signaling.,Curcumin,1-2 g/day,Turmeric extract,Reduces IL-6 expression.,Berries,Processed foods,None standard,N/A,N/A,Tocilizumab,Physician-guided,Infusion,Exercise,Balanced diet,Resveratrol: GI,Curcumin: interactions,PMC,
Iron Metabolism,Serum Iron,male,Fe,µg/dL,60-170,100-150,Iron deficiency anemia.,Hemochromatosis.,Iron bisglycinate,25-50 mg/day,Bisglycinate,Replenishes serum iron stores.,Curcumin,500 mg/day,Turmeric extract,Chelates excess iron.,Beef liver,Tea with meals,IV iron,As needed,Infusion,Chelation,As needed,IV,Exercise,Donate blood,Iron: constipation,Curcumin: GI,PubMed,
Iron Metabolism,Ferritin,male,Ferritin,ng/mL,30-400,100-200,"Iron deficiency: hair loss, fatigue.",Inflammation/overload.,Iron,25 mg/day,Bisglycinate,Builds iron stores.,IP6,500 mg/day,Phytic acid,Chelates excess iron.,Oysters,Coffee,IV iron,As needed,Infusion,Phlebotomy,As needed,Procedure,Exercise,Sauna,Iron: toxicity,IP6: mineral loss,2025 Biohacking PubMed,
Iron Metabolism,TIBC,male,TIBC,µg/dL,240-450,250-350,Iron overload.,Iron deficiency.,None standard,N/A,N/A,N/A,Iron,25 mg/day,Bisglycinate,Increases iron binding,Tea,Iron-rich foods,Chelation,As needed,IV,IV iron,As needed,Infusion,Balanced diet,Exercise,N/A,Iron: constipation,PMC,
Iron Metabolism,Transferrin,male,Tf,mg/dL,200-360,220-320,Iron deficiency.,Iron overload.,Iron,25 mg/day,Bisglycinate,Increases transferrin saturation.,Curcumin,500 mg/day,Extract,Reduces iron binding.,Red meat,Low-iron diet,None standard,N/A,N/A,Chelation,As needed,IV,Balanced diet,Hydration,Iron: GI,Curcumin: interactions,PubMed,
Iron Metabolism,Transferrin Saturation,male,TSAT,%,20-50,30-45,Iron deficiency.,Overload.,Iron,25 mg/day,Bisglycinate,Increases saturation.,Curcumin,500 mg/day,Extract,Lowers saturation.,Red meat,Low-iron diet,None standard,N/A,N/A,Chelation,As needed,IV,Exercise,Donate blood,Iron: toxicity,Curcumin: GI,PMC,
Iron Metabolism,UIBC,male,UIBC,µg/dL,110-370,150-300,Iron overload.,Iron deficiency.,Iron,25 mg/day,Bisglycinate,Reduces unsaturated capacity.,Curcumin,500 mg/day,Extract,Increases UIBC.,Red meat,Low-iron diet,None standard,N/A,N/A,Chelation,As needed,IV,Balanced diet,Hydration,Iron: constipation,Curcumin: interactions,PubMed,
Kidney Function,Creatinine,male,Cr,mg/dL,0.6-1.3,0.8-1.1,Muscle loss.,Kidney dysfunction.,Creatine,3-5 g/day,Monohydrate,Increases muscle creatinine.,Astragalus,500 mg/day,Extract,Protects kidney function.,Protein-rich,Low-protein diet,None standard,N/A,N/A,ACE inhibitors,5-10 mg/day,Oral,Hydration,Low-protein diet,Creatine: GI,Astragalus: interactions,PMC,
Kidney Function,BUN,male,BUN,mg/dL,6-20,8-15,Dehydration.,Kidney issues.,Branched-chain amino acids,5 g/day,BCAA mix,Reduces protein breakdown.,Omega-3,2 g/day,Fish oil,Reduces inflammation in kidneys.,Low-protein diet,High-protein diet,None standard,N/A,N/A,ACE inhibitors,5-10 mg/day,Oral,Hydration,Low-protein diet,BCAA: GI,Omega-3: bleeding,PMC,
Kidney Function,eGFR,male,eGFR,mL/min,>90,>100,Kidney disease.,Rare.,Astragalus,500 mg/day,Extract,Improves glomerular filtration.,CoQ10,200 mg/day,Ubiquinol,Antioxidant protection for kidneys.,Berries,High-sodium diet,None standard,N/A,N/A,ACE inhibitors,5-10 mg/day,Oral,Hydration,Low-sodium diet,Astragalus: hypotension,CoQ10: GI,PMC,
Kidney Function,Cystatin C,male,Cys C,mg/L,0.6-1.0,0.7-0.9,Kidney dysfunction.,Rare.,Omega-3,2 g/day,Capsule,Reduces cystatin C via anti-inflammation.,Vitamin D,2000 IU/day,Cholecalciferol,Supports kidney health.,Fatty fish,High-sodium diet,None standard,N/A,N/A,ACE inhibitors,5-10 mg/day,Oral,Hydration,Balanced diet,Omega-3: bleeding,Vit D: hypercalcemia,PMC,
Kidney Function,Uric Acid,male,UA,mg/dL,3.5-7.2,4-6,Rare; possible oxidative stress,Gout.,Cherry extract,500 mg/day,Capsule,Reduces uric acid production.,Allopurinol,100-300 mg/day,Oral,Inhibits xanthine oxidase.,Cherries,Low-purine diet,None standard,N/A,N/A,Allopurinol,100-300 mg/day,Oral,Hydration,Low-purine diet,Cherry: GI,Allopurinol: rash,PMC,
Lipids,LDL Cholesterol,male,LDL-C,mg/dL,<130,<70,Rare.,"Atherosclerosis, CVD risk.",Plant Sterols,2 g/day,Beta-sitosterol,Block cholesterol absorption in gut.,Berberine,500 mg 3x/day,Extract,Activates AMPK to lower LDL synthesis.,"Nuts, apples",Oats,None standard,N/A,N/A,Atorvastatin,10-40 mg/day,Oral tablet,Low-carb diet,Balanced diet,Plant sterols: GI upset,Berberine: drug interactions,FOURIER NEJM,
Lipids,HDL Cholesterol,male,HDL-C,mg/dL,>40,>60,Increased CVD risk.,Rare.,Niacin,500-2000 mg/day,Extended-release,Increases HDL production in liver.,Omega-3,2 g/day,Fish oil,Enhances HDL function.,Avocado,Low-fat diet,None standard,N/A,N/A,Fenofibrate,145 mg/day,Oral tablet,HIIT,Balanced diet,Niacin: flushing,Omega-3: bleeding,Framingham PubMed,
Lipids,Cholesterol Total,male,TC,mg/dL,<200,<180,Rare.,CVD risk if imbalanced.,Plant Sterols,2 g/day,Beta-sitosterol,Reduces intestinal cholesterol absorption.,Berberine,500 mg 3x/day,Extract,Inhibits PCSK9 to lower cholesterol.,Fiber-rich foods,High-fat diet,None standard,N/A,N/A,Statins,10-40 mg/day,Oral tablet,Exercise,Low-fat diet,Plant sterols: constipation,Berberine: GI,Similar to LDL PMC,
Lipids,Triglycerides,male,TG,mg/dL,<150,<100,Rare.,Metabolic syndrome.,Omega-3,4 g/day,EPA/DHA,Reduces hepatic TG synthesis.,Fenofibrate,145 mg/day,Oral tablet,Activates PPAR-alpha for TG breakdown.,Fish,Low-carb diet,None standard,N/A,N/A,Fenofibrate,145 mg/day,Oral tablet,Intermittent fasting,Balanced diet,Omega-3 >3g: bleeding,Fenofibrate: myopathy,PubMed,
Lipids,ApoB,male,ApoB,mg/dL,<90,<70,Rare.,CVD risk.,Plant Sterols,2 g/day,Beta-sitosterol,Lowers ApoB-containing lipoproteins.,Berberine,500 mg 3x/day,Extract,Reduces ApoB production in liver.,Nuts,High-fat diet,None standard,N/A,N/A,Evolocumab,140 mg/2 weeks,Injectable,Low-carb diet,Balanced diet,Plant sterols: GI,Berberine: interactions,AMORIS PubMed,
Lipids,ApoA1,male,ApoA1,mg/dL,>120,>140,CVD risk.,Rare.,Niacin,500-2000 mg/day,Extended-release,Increases ApoA1 expression.,Omega-3,2 g/day,Fish oil,Enhances HDL with ApoA1.,Avocado,Low-fat diet,None standard,N/A,N/A,None standard,N/A,N/A,HIIT,Balanced diet,Niacin: flushing,Omega-3: bleeding,PMC,
Lipids,Lp(a),male,Lp(a),mg/dL,<30,<10,Rare.,Genetic CVD risk.,Niacin,1-3 g/day,Extended-release,Reduces Lp(a) production in liver.,Aspirin,81 mg/day,Low-dose,Inhibits Lp(a) expression.,Low-fat foods,High-fat diet,None standard,N/A,N/A,Apheresis,As needed,Procedure,Low-carb diet,Balanced diet,Niacin: liver toxicity,Aspirin: bleeding,AIM-HIGH NEJM,
Lipids,Omega-3 Index,male,O3 Index,%,>4,>8,CVD risk.,Rare.,Omega-3,2-4 g/day,EPA/DHA,Increases erythrocyte omega-3 content.,None standard,N/A,N/A,N/A,Salmon,High-omega-6 diet,None standard,N/A,N/A,None standard,N/A,N/A,Exercise,Balanced diet,Omega-3: bleeding,N/A,>8% reduces CVD PubMed,
Lipids,EPA,male,EPA,µg/mL,>50,>100,Inflammation.,Rare; bleeding risk,Omega-3,2-4 g/day,Capsule,Anti-inflammatory eicosanoids.,None standard,N/A,N/A,N/A,Fish oil,High-omega-6 diet,None standard,N/A,N/A,None standard,N/A,N/A,Exercise,Balanced diet,Bleeding risk,N/A,PMC,
Lipids,DHA,male,DHA,µg/mL,>150,>200,Brain health decline.,Rare; bleeding risk,Omega-3,2-4 g/day,Capsule,Membrane fluidity in brain.,None standard,N/A,N/A,N/A,Fish oil,High-omega-6 diet,None standard,N/A,N/A,None standard,N/A,N/A,Exercise,Balanced diet,Bleeding risk,N/A,PubMed,
Lipids,Arachidonic Acid,male,AA,µg/mL,<200,<150,Rare,Inflammation.,Omega-3,2 g/day,Capsule,Competes with AA for eicosanoid pathway.,None standard,N/A,N/A,N/A,Eggs,Low-omega-3 diet,None standard,N/A,N/A,None standard,N/A,N/A,Balanced diet,Omega-3 rich diet,Omega-3: bleeding,N/A,PMC,
Lipids,Omega6:Omega3,male,O6:O3,Ratio,<4:1,<3:1,Rare,Inflammation.,Omega-3,2-4 g/day,Capsule,Balances ratio by increasing omega-3.,None standard,N/A,N/A,N/A,Fatty fish,Low-omega-6 diet,None standard,N/A,N/A,None standard,N/A,N/A,Exercise,Balanced diet,Omega-3: bleeding,N/A,PubMed,
Liver Function,ALT,male,ALT,U/L,<50,<20,Rare.,Liver damage.,Milk thistle,300 mg/day,Silymarin,Hepatoprotective antioxidant.,NAC,600 mg/day,N-acetylcysteine,Detoxifies liver.,Beetroot,Alcohol,None standard,N/A,N/A,Ursodiol,300 mg/day,Oral,Avoid alcohol,Balanced diet,Milk thistle: GI,NAC: nausea,2025 PubMed; PMC,
Liver Function,AST,male,AST,U/L,<50,<20,Rare.,Liver/muscle damage.,NAC,600 mg/day,N-acetylcysteine,Antioxidant for liver.,Milk thistle,300 mg/day,Silymarin,Reduces oxidative stress.,Beetroot,Alcohol,None standard,N/A,N/A,Ursodiol,300 mg/day,Oral,Avoid alcohol,Balanced diet,NAC: nausea,Milk thistle: GI,Similar to ALT PubMed,
Liver Function,ALP,male,ALP,U/L,40-129,50-100,Rare.,Bone/liver issues.,Vitamin D,2000 IU/day,Cholecalciferol,Supports bone health to normalize ALP.,Ursodiol,300 mg/day,Oral,Reduces biliary ALP elevation.,Dairy,High-phosphorus diet,None standard,N/A,N/A,Ursodiol,300 mg/day,Oral,Sun exposure,Balanced diet,Vit D: hypercalcemia,Ursodiol: diarrhea,PMC,
Liver Function,GGT,male,GGT,U/L,<60,<20,Rare.,Liver toxicity.,Glutathione,500 mg/day,Liposomal,Detoxifies liver.,Milk thistle,300 mg/day,Silymarin,Reduces oxidative stress.,Beetroot,Alcohol,None standard,N/A,N/A,None standard,N/A,N/A,Avoid alcohol,Balanced diet,Glutathione: rare allergy,Milk thistle: GI,PMC,
Liver Function,Bilirubin Total,male,TBili,mg/dL,0.1-1.2,0.3-0.8,Rare.,Jaundice.,Milk thistle,300 mg/day,Silymarin,Enhances bilirubin conjugation.,Ursodiol,300 mg/day,Oral,Improves bilirubin clearance.,Beetroot,High-fat diet,None standard,N/A,N/A,Phenobarbital,60-180 mg/day,Oral,Avoid alcohol,Balanced diet,Milk thistle: GI,Ursodiol: diarrhea,PMC,
Liver Function,Bilirubin Direct,male,DBili,mg/dL,<0.3,<0.2,Rare.,Liver obstruction.,Milk thistle,300 mg/day,Silymarin,Supports liver detoxification.,Ursodiol,300 mg/day,Oral,Reduces direct bilirubin in cholestasis.,Beetroot,High-fat diet,None standard,N/A,N/A,Phenobarbital,60-180 mg/day,Oral,Avoid alcohol,Balanced diet,Milk thistle: GI,Ursodiol: diarrhea,PMC,
Liver Function,Bilirubin Indirect,male,IBili,mg/dL,<1.0,<0.6,Rare.,Gilbert's syndrome.,Milk thistle,300 mg/day,Silymarin,Improves UDP-glucuronosyltransferase.,Phenobarbital,60-180 mg/day,Oral,Induces enzyme for bilirubin conjugation.,Beetroot,High-fat diet,None standard,N/A,N/A,Phenobarbital,60-180 mg/day,Oral,Avoid alcohol,Balanced diet,Milk thistle: GI,Phenobarbital: drowsiness,PMC,
Liver Function,Albumin,male,Alb,g/dL,3.5-5.0,4.0-4.8,Malnutrition.,Dehydration.,Whey protein,20 g/day,Isolate,Increases albumin synthesis.,Branched-chain amino acids,5 g/day,BCAA mix,Supports liver protein production.,Eggs,Low-protein diet,Albumin IV,As needed,Infusion,None standard,N/A,N/A,Balanced diet,Hydration,Whey: dairy allergy,BCAA: GI,PubMed,
Liver Function,Total Protein,male,TP,g/dL,6.0-8.0,6.5-7.5,Malnutrition.,Inflammation.,Collagen,10 g/day,Hydrolyzed,Boosts protein levels.,Whey protein,20 g/day,Isolate,Increases total protein.,Meat,Low-protein diet,None standard,N/A,N/A,None standard,N/A,N/A,Balanced diet,Hydration,Collagen: rare allergy,Whey: lactose,PMC,
Liver Function,Globulin,male,Glob,g/dL,2.0-3.5,2.5-3.0,Immunodeficiency.,Chronic infection.,Immunoglobulin,400 mg/kg/month,IVIG,Boosts globulin levels.,Vitamin A,3000 IU/day,Retinol,Supports immune globulin production.,Eggs,Low-protein diet,IVIG,400 mg/kg/month,Infusion,None standard,N/A,N/A,Balanced diet,Hydration,IVIG: infusion reactions,Vit A: toxicity,PMC,
Liver Function,A/G Ratio,male,A/G,Ratio,1.1-2.5,1.5-2.0,Liver disease.,Multiple myeloma.,Whey protein,20 g/day,Isolate,Increases albumin relative to globulin.,Vitamin D,2000 IU/day,Cholecalciferol,Balances protein synthesis.,Eggs,Low-protein diet,None standard,N/A,N/A,None standard,N/A,N/A,Balanced diet,Hydration,Whey: dairy,Vit D: hypercalcemia,PMC,
Liver Function,CK,male,CK,U/L,24-195,50-150,Rare.,Muscle breakdown.,CoQ10,200 mg/day,Ubiquinol,Reduces muscle damage.,Branched-chain amino acids,5 g/day,BCAA mix,Protects muscle enzymes.,Meat,Low-protein diet,None standard,N/A,N/A,None standard,N/A,N/A,Rest,Hydration,CoQ10: GI,BCAA: nausea,PubMed,
Metabolic,Glucose Fasting,male,FPG,mg/dL,<100,<85,Hypoglycemia.,Diabetes.,Chromium,200 µg/day,Picolinate,Enhances insulin sensitivity.,Berberine,500 mg/day,Extract,Mimics insulin action.,Cinnamon,Low-GI foods,None standard,N/A,N/A,Metformin,500-1000 mg/day,Oral,Low-carb,Balanced diet,Chromium: rare,Berberine: GI,PubMed,
Metabolic,Insulin Fasting,male,F Insulin,µU/mL,<25,<5,Rare; possible malnutrition,Insulin resistance.,Chromium,200 µg/day,Picolinate,Improves insulin signaling.,Berberine,500 mg/day,Extract,Reduces insulin secretion.,Apple cider vinegar,Low-carb diet,None standard,N/A,N/A,Semaglutide,0.25 mg/week,Injectable,Intermittent fasting,Balanced diet,Chromium: low blood sugar,Berberine: hypoglycemia,PMC,
Metabolic,HbA1c,male,A1c,%,<5.7,<5.0,Rare,Prediabetes.,Cinnamon,1 g/day,Extract,Lowers glycation.,Berberine,500 mg/day,Extract,Improves glucose metabolism.,Low-GI foods,High-sugar diet,None standard,N/A,N/A,Metformin,500-1000 mg/day,Oral,Resistance training,Sugar reduction,Cinnamon: liver toxicity high dose,Berberine: GI,PubMed,
Metabolic,HOMA-IR,male,HOMA-IR,Index,<2,<1,Rare,Insulin resistance.,Chromium,200 µg/day,Picolinate,Lowers IR index.,Berberine,500 mg/day,Extract,Reduces HOMA score.,Low-GI foods,High-sugar diet,None standard,N/A,N/A,Metformin,500-1000 mg/day,Oral,"OMAD, HIIT",Balanced diet,Chromium: hypoglycemia,Berberine: interactions,PubMed; PMC,
Metabolic,Lactate,male,Lactate,mmol/L,0.5-2.2,0.5-1.5,Hypoxia.,Metabolic acidosis.,Beta-alanine,3-6 g/day,Time-release,Buffers lactate.,Creatine,3-5 g/day,Monohydrate,Reduces lactate accumulation.,Carbohydrates,Low-carb diet,None standard,N/A,N/A,Sodium bicarbonate,300 mg/kg,Oral,Exercise,Balanced diet,Beta-alanine: tingling,Creatine: GI,PMC,
Metabolic,Pyruvate,male,Pyruvate,mg/dL,0.3-0.9,0.4-0.7,Rare.,Mitochondrial issues.,Pyruvate,6-30 g/day,Calcium pyruvate,Energy substrate.,None standard,N/A,N/A,N/A,Carbohydrates,Low-carb diet,None standard,N/A,N/A,None standard,N/A,N/A,Exercise,Balanced diet,Pyruvate: GI,N/A,PMC,
Metabolic,BHB,male,BHB,mmol/L,<0.5 (fed),0.5-3.0 (keto),Rare,Ketoacidosis.,MCT oil,10-20 g/day,Oil,Boosts ketone production.,None standard,N/A,N/A,N/A,Coconut oil,High-carb diet,None standard,N/A,N/A,None standard,N/A,N/A,Keto diet,Balanced diet,MCT: GI,N/A,PMC,
Methylation,Homocysteine,male,Hcy,µmol/L,<15,<7,Rare; possible over-supplementation with B-vitamins.,"CVD risk, cognitive decline, stroke; fatigue, neuropathy.",Folate (5-MTHF),1 mg/day,Methylfolate,Enhances methylation cycle to convert homocysteine to methionine.,"TMG, Vitamin B6 (P5P), B12 (methyl)",TMG 1-3 g/day; B6 50 mg/day; B12 1-2 mg/day,"Betaine, pyridoxal-5-phosphate, methylcobalamin",Support homocysteine remethylation/transsulfuration pathways.,"Leafy greens, beets",Eggs,Folic acid injection,5 mg/week,Injectable,None standard,N/A,N/A,Sauna for methylation support,Strength training,B6 >100 mg: neuropathy,N/A,Hoorn Study PubMed; Meta-analysis PMC,
Minerals,Magnesium,male,Mg,mg/dL,1.7-2.2,2.0-2.5,"Cramps, fatigue.",Diarrhea.,Glycinate,300-600 mg/day,Chelated,Muscle relaxation.,Epsom salt,Topical,Bath,Reduces absorption.,Pumpkin seeds,Low-magnesium diet,Magnesium oxide,400 mg/day,Oral,None standard,N/A,N/A,Epsom baths,Balanced diet,High Mg: laxative,N/A,PMC,
Minerals,Calcium,male,Ca,mg/dL,8.5-10.5,9.0-10.0,"Cramps, osteoporosis.",Kidney stones.,Citrate,500 mg/day,Chelated,Bone support.,Vitamin K2,200 µg/day,MK7,Directs calcium to bones.,"Dairy, greens",Low-calcium diet,Calcitriol,0.25 µg/day,Oral,None standard,N/A,N/A,Weight-bearing exercise,Balanced diet,High Ca: constipation,N/A,PubMed,
Minerals,Phosphate,male,PO4,mg/dL,2.5-4.5,3.0-4.0,"Weak bones, muscle weakness.","Calcification, kidney issues.",Sodium phosphate,500-1000 mg elemental/day,Oral salt,Replenishes phosphate for bone/energy.,Sevelamer,800-1600 mg/day,Binder,Binds phosphate in gut.,"Dairy, nuts",Low-phosphate diet,Phosphate IV,As needed,Infusion,Sevelamer,800-1600 mg/day,Oral tablet,Exercise,Balanced diet,Phosphate: diarrhea,Sevelamer: GI,Guidelines PMC; AHA,
Minerals,Sodium,male,Na,mEq/L,135-145,138-142,Hyponatremia: confusion.,Hypertension.,Sodium chloride,500 mg/day,Salt,Restores electrolyte balance.,Tolvaptan,15 mg/day,Oral,Increases water excretion.,Salted foods,Low-salt diet,Sodium chloride IV,As needed,Infusion,Tolvaptan,15-60 mg/day,Oral tablet,Hydration,Balanced diet,Sodium: hypertension,Tolvaptan: liver damage,Guidelines PMC; AHA,
Minerals,Potassium,male,K,mEq/L,3.5-5.0,4.0-4.5,"Weakness, arrhythmias.",Arrhythmia.,Potassium gluconate,99 mg/day,Chelated,Replenishes intracellular potassium.,Potassium chloride,20-40 mEq/day,Oral,Lowers serum potassium.,Bananas,Low-potassium diet,Potassium IV,As needed,Infusion,SPS,15 g/day,Binder,Exercise,Balanced diet,Potassium: hyperkalemia,SPS: constipation,Guidelines PMC,
Minerals,Chloride,male,Cl,mEq/L,96-106,98-104,Acidosis.,Alkalosis.,Potassium chloride,20 mEq/day,Oral,Corrects chloride deficiency.,Acetazolamide,250 mg/day,Oral,Increases chloride excretion.,Table salt,Low-chloride diet,Chloride IV,As needed,Infusion,Acetazolamide,250-500 mg/day,Oral tablet,Hydration,Balanced diet,Chloride: hypertension,Acetazolamide: metabolic acidosis,Guidelines PMC,
Minerals,Zinc,male,Zn,µg/dL,60-120,80-110,Immune weakness.,Nausea.,Zinc picolinate,30-50 mg/day,Picolinate,Immune modulation.,Copper,2 mg/day,Gluconate,Balances zinc excess.,Oysters,Low-zinc diet,Zinc sulfate,50 mg/day,Oral,None standard,N/A,N/A,Zinc-rich diet,Hydration,Zinc >50 mg: copper def,Copper: nausea,PMC,
Minerals,Copper,male,Cu,µg/dL,70-140,80-120,Anemia.,Toxicity: fatigue.,Copper gluconate,2 mg/day,Gluconate,Enzyme cofactor.,Zinc,30-50 mg/day,Picolinate,Balances copper excess.,Chocolate,Low-copper diet,Copper sulfate,2 mg/day,Oral,Penicillamine,250 mg/day,Oral,Balanced diet,Hydration,Copper: GI,Zinc: immune suppress,PubMed,
Minerals,Selenium,male,Se,µg/dL,70-150,100-130,Thyroid issues.,Toxicity: hair loss.,Selenomethionine,200 µg/day,Organic,Antioxidant for thyroid.,None standard,N/A,N/A,N/A,Brazil nuts,Low-selenium diet,Sodium selenite,200 µg/day,Oral,None standard,N/A,N/A,Balanced diet,Hydration,>400 µg: toxicity,N/A,PMC,
Minerals,Manganese,male,Mn,µg/L,4-15,6-12,Rare.,Neurotoxicity.,Manganese gluconate,2-5 mg/day,Chelated,Enzyme cofactor.,None standard,N/A,N/A,N/A,Nuts,Low-manganese diet,Manganese sulfate,5 mg/day,Oral,EDTA chelation,Physician-guided,IV,Balanced diet,Hydration,Manganese: GI,N/A,PubMed,
Minerals,Chromium,male,Cr,µg/L,0.1-2.0,0.5-1.5,Insulin resistance.,Rare.,Chromium picolinate,200-400 µg/day,Picolinate,Enhances insulin sensitivity.,None standard,N/A,N/A,N/A,Broccoli,Low-chromium diet,Chromium nicotinate,200 µg/day,Oral,None standard,N/A,N/A,Chromium-rich diet,Hydration,Chromium: rare toxicity,N/A,PMC,
Minerals,Iodine,male,I,µg/L,52-109,70-90,Hypothyroidism.,Hyperthyroidism.,Kelp,150 µg/day,Organic,Thyroid hormone synthesis.,None standard,N/A,N/A,N/A,Seaweed,Low-iodine diet,Potassium iodide,150 µg/day,Oral,None standard,N/A,N/A,Balanced diet,Hydration,Overdose: thyroid storm,N/A,PubMed,
Thyroid,TSH,male,TSH,mIU/L,0.4-4.0,0.5-2.0,"Hyperthyroidism: anxiety, weight loss, palpitations.","Hypothyroidism: fatigue, weight gain, cold intolerance.",Iodine,150-300 µg/day,Potassium iodide,Supports thyroid hormone synthesis.,Selenium,200 µg/day,Selenomethionine,Reduces thyroid peroxidase antibodies and inflammation.,Seaweed,Brazil nuts,None standard,N/A,N/A,Levothyroxine,25-100 µg/day,Oral tablet,Sun exposure 20 min/day,Avoid fluoride,Iodine excess: thyroid storm,Selenium >400 µg: toxicity,NHANES 2024 PubMed; Selenium meta PMC,
Thyroid,Free T3,male,FT3,pg/mL,2.0-4.4,3.2-4.2,"Low energy, depression, slow metabolism.","Hyperthyroidism: palpitations, anxiety.",Zinc,30 mg/day,Zinc picolinate,Aids T4 to T3 conversion via deiodinase enzymes.,Selenium,200 µg/day,Selenomethionine,Supports deiodinase activity to regulate T3.,Eggs,Seafood,Liothyronine,5-25 µg/day,Oral tablet,Methimazole,5-10 mg/day,Oral tablet,HIIT,Reduce calorie deficits,Zinc >50 mg: nausea,Selenium toxicity,ATA 2025 PubMed; Selenium RCT PMC,
Thyroid,Free T4,male,FT4,ng/dL,0.8-1.8,1.1-1.6,"Hypothyroidism: fatigue, cold intolerance.","Hyperthyroidism: insomnia, weight loss.",Iodine,150 µg/day,Potassium iodide,Essential for thyroxine production in thyroid gland.,Selenium,200 µg/day,Selenomethionine,Protects thyroid from oxidative damage during hormone synthesis.,Fish,Seaweed,Levothyroxine,50-150 µg/day,Oral tablet,Propylthiouracil,100-150 mg/day,Oral tablet,Strength training,Avoid excess soy,Iodine overdose,Selenium excess,Thyroid meta 2024 PubMed,
Thyroid,Reverse T3,male,rT3,ng/dL,9-24,<12,Rare,Thyroid resistance: fatigue despite normal TSH.,Ashwagandha,600 mg/day,KSM-66 extract,"Reduces cortisol, which inhibits T4 to rT3 conversion.",Selenium,200 µg/day,Selenomethionine,Enhances deiodinase 1 to favor T3 over rT3.,Berries,High-carb diet,None standard,N/A,N/A,Liothyronine,5-25 µg/day,Oral tablet,Recovery days,Balanced diet,Ashwagandha: thyroid interaction in hyper,Selenium toxicity,JCEM 2023 PubMed; Ashwagandha RCT PMC,
Thyroid,Free T4 Index,male,FT4I,Index,4.5-11.2,6-9,See FT4,See FT4,Iodine,150 µg/day,Potassium iodide,Supports T4 production.,Selenium,200 µg/day,Selenomethionine,Regulates T4 levels.,Seaweed,High-carb diet,Levothyroxine,50-150 µg/day,Oral,Methimazole,5-10 mg/day,Oral,Strength training,Avoid soy,Iodine: storm,Selenium: toxicity,PMC,
Thyroid,Free T3 Index,male,FT3I,Index,Variable,Optimal,See FT3,See FT3,Zinc,30 mg/day,Picolinate,Aids T3 conversion.,Selenium,200 µg/day,Selenomethionine,Supports deiodinase.,Eggs,High-carb diet,Liothyronine,5-25 µg/day,Oral,Methimazole,5-10 mg/day,Oral,HIIT,Reduce deficits,Zinc: nausea,Selenium: toxicity,PubMed,
Vitamins,Vitamin B12,male,B12,pg/mL,200-900,500-800,"Fatigue, neuropathy.",Rare.,Methylcobalamin,1000-5000 µg/day,Sublingual,Supports methylation and nerve health.,None standard,N/A,N/A,N/A,"Meat, eggs",Low-B12 diet,Injections,1000 µg/week,Injectable,None standard,N/A,N/A,B12-rich diet,Hydration,High dose: acne,N/A,PMC,
Vitamins,Folate,male,Folate,ng/mL,>3,>10,"Anemia, neural defects.",Rare.,5-MTHF,400-1000 µg/day,Methylfolate,DNA synthesis and methylation.,None standard,N/A,N/A,N/A,Leafy greens,Low-folate diet,Folic acid,5 mg/week,Oral,None standard,N/A,N/A,Balanced diet,Hydration,High dose: mask B12 def,N/A,PubMed,
Vitamins,Vitamin B6,male,B6,ng/mL,5-50,20-40,"Neuropathy, anemia.",Toxicity (numbness).,P5P,50-100 mg/day,Pyridoxal-5-phosphate,Neurotransmitter synthesis.,None standard,N/A,N/A,N/A,"Poultry, bananas",Low-B6 diet,Pyridoxine,100 mg/day,Oral,None standard,N/A,N/A,Balanced diet,Hydration,>100 mg: nerve damage,N/A,PMC,
Vitamins,Vitamin D 25(OH),male,Vit D,ng/mL,30-100,50-80,"Immune weakness, depression.",Hypercalcemia.,Vitamin D3,2000-5000 IU/day,Cholecalciferol,Bone and immune support.,None standard,N/A,N/A,N/A,Fatty fish,Low-vitamin D diet,Calcifediol,0.266 mg/week,Oral,IV fluids,As needed,IV,Sun 20 min/day,Balanced diet,>10k IU: toxicity,N/A,VITAL 2025 NEJM,
Vitamins,Vitamin A,male,Vit A,µg/dL,30-65,40-60,Night blindness.,Toxicity (headache).,Beta-carotene,15 mg/day,Carotenoid,Vision and immune.,None standard,N/A,N/A,N/A,"Carrots, liver",Low-vitamin A diet,Retinol,3000 IU/day,Oral,None standard,N/A,N/A,Vitamin A-rich diet,Hydration,High A: liver toxicity,N/A,PubMed,
Vitamins,Vitamin E,male,Vit E,mg/L,6-20,10-15,Neuropathy.,Bleeding risk.,Tocotrienols,100 mg/day,Mixed tocopherols,Antioxidant.,None standard,N/A,N/A,N/A,"Nuts, seeds",Low-vitamin E diet,Alpha-tocopherol,400 IU/day,Oral,Vitamin K,Physician-guided,Oral,Balanced diet,Hydration,High E: hemorrhage,N/A,PMC,
Vitamins,Vitamin K1,male,Vit K1,nmol/L,0.1-2.2,0.5-1.5,Bleeding.,Rare.,MK4/MK7,100-200 µg/day,Menaquinone,Clotting factors.,None standard,N/A,N/A,N/A,"Kale, broccoli",Low-vitamin K diet,Phytonadione,5 mg/day,Oral,None standard,N/A,N/A,Balanced diet,Hydration,N/A,N/A,PubMed,